,customer_id,product_id,ppu,order_count,special_price,update_option
0,2,25,3.95,0,TRUE,MANUAL
1,2,321,7.99,0,TRUE,MANUAL
2,3,392,8.8,0,TRUE,MANUAL
3,3,403,55.0,0,TRUE,MANUAL
4,3,496,12.9,0,TRUE,MANUAL
5,3,620,18.6,0,TRUE,MANUAL
6,3,652,5.0,0,TRUE,MANUAL
7,7,23,3.78,0,TRUE,MANUAL
8,7,25,3.98,0,TRUE,MANUAL
9,7,111,4.99,0,TRUE,MANUAL
10,7,664,5.95,0,TRUE,MANUAL
11,11,23,3.78,0,TRUE,MANUAL
12,11,25,3.98,0,TRUE,MANUAL
13,11,111,4.99,0,TRUE,MANUAL
14,11,348,4.4,0,TRUE,MANUAL
15,11,529,5.4,0,TRUE,MANUAL
16,11,534,4.7,0,TRUE,MANUAL
17,11,620,17.8,0,TRUE,MANUAL
18,11,691,9.95,0,TRUE,MANUAL
19,12,25,3.7,0,TRUE,MANUAL
20,12,98,5.5,0,TRUE,MANUAL
21,17,25,3.85,0,TRUE,MANUAL
22,18,111,4.99,0,TRUE,MANUAL
23,18,145,1.45,0,TRUE,MANUAL
24,18,306,5.95,0,TRUE,MANUAL
25,19,23,3.75,0,TRUE,MANUAL
26,19,111,4.99,0,TRUE,MANUAL
27,19,274,28.5,0,TRUE,MANUAL
28,19,376,8.1,0,TRUE,MANUAL
29,19,386,10.95,0,TRUE,MANUAL
30,19,553,5.9,0,TRUE,MANUAL
31,19,587,9.95,0,TRUE,MANUAL
32,19,620,16.9,0,TRUE,MANUAL
33,20,23,3.78,0,TRUE,MANUAL
34,21,81,15.84,0,TRUE,MANUAL
35,21,111,4.99,0,TRUE,MANUAL
36,21,126,1.15,0,TRUE,MANUAL
37,22,23,3.25,0,TRUE,MANUAL
38,22,126,1.15,0,TRUE,MANUAL
39,22,241,6.5,0,TRUE,MANUAL
40,22,280,3.45,0,TRUE,MANUAL
41,22,312,4.95,0,TRUE,MANUAL
42,22,418,4.5,0,TRUE,MANUAL
43,22,502,4.53,0,TRUE,MANUAL
44,22,587,9.65,0,TRUE,MANUAL
45,22,620,15.9,0,TRUE,MANUAL
46,22,652,6.99,0,TRUE,MANUAL
47,22,664,3.95,0,TRUE,MANUAL
48,23,581,8.2,0,TRUE,MANUAL
49,24,111,4.99,0,TRUE,MANUAL
50,24,145,1.85,0,TRUE,MANUAL
51,24,200,4.45,0,TRUE,MANUAL
52,24,346,8.2,0,TRUE,MANUAL
53,24,375,13.99,0,TRUE,MANUAL
54,24,638,6.3,0,TRUE,MANUAL
55,24,664,3.4,0,TRUE,MANUAL
56,24,717,32.95,0,TRUE,MANUAL
57,26,92,1.1,0,TRUE,MANUAL
58,26,93,1.25,0,TRUE,MANUAL
59,26,98,5.6,0,TRUE,MANUAL
60,26,111,4.99,0,TRUE,MANUAL
61,26,168,2.68,0,TRUE,MANUAL
62,26,297,4.9,0,TRUE,MANUAL
63,26,314,4.8,0,TRUE,MANUAL
64,26,370,9.75,0,TRUE,MANUAL
65,26,417,4.5,0,TRUE,MANUAL
66,26,418,4.4,0,TRUE,MANUAL
67,26,497,3.95,0,TRUE,MANUAL
68,26,529,3.95,0,TRUE,MANUAL
69,26,532,3.85,0,TRUE,MANUAL
70,26,533,3.85,0,TRUE,MANUAL
71,26,534,4.95,0,TRUE,MANUAL
72,26,540,4.4,0,TRUE,MANUAL
73,26,547,3.68,0,TRUE,MANUAL
74,26,568,21.5,0,TRUE,MANUAL
75,26,616,15.9,0,TRUE,MANUAL
76,26,634,14.9,0,TRUE,MANUAL
77,26,664,3.95,0,TRUE,MANUAL
78,26,717,29.9,0,TRUE,MANUAL
79,27,23,4.45,0,TRUE,MANUAL
80,27,68,6.85,0,TRUE,MANUAL
81,27,241,7.7,0,TRUE,MANUAL
82,27,280,3.98,0,TRUE,MANUAL
83,27,390,9.25,0,TRUE,MANUAL
84,27,522,3.99,0,TRUE,MANUAL
85,27,652,7.95,0,TRUE,MANUAL
86,27,664,7.35,0,TRUE,MANUAL
87,28,287,4.5,0,TRUE,MANUAL
88,28,404,6.2,0,TRUE,MANUAL
89,28,545,2.86,0,TRUE,MANUAL
90,29,23,3.65,0,TRUE,MANUAL
91,29,25,3.85,0,TRUE,MANUAL
92,29,26,4.9,0,TRUE,MANUAL
93,29,27,5.4,0,TRUE,MANUAL
94,29,39,8.95,0,TRUE,MANUAL
95,29,40,9.4,0,TRUE,MANUAL
96,29,48,12.9,0,TRUE,MANUAL
97,29,50,3.75,0,TRUE,MANUAL
98,29,51,3.45,0,TRUE,MANUAL
99,29,54,4.85,0,TRUE,MANUAL
100,29,57,6.5,0,TRUE,MANUAL
101,29,58,5.95,0,TRUE,MANUAL
102,29,59,3.8,0,TRUE,MANUAL
103,29,60,4.65,0,TRUE,MANUAL
104,29,67,5.1,0,TRUE,MANUAL
105,29,68,5.4,0,TRUE,MANUAL
106,29,111,4.3,0,TRUE,MANUAL
107,29,138,2.48,0,TRUE,MANUAL
108,29,145,1.35,0,TRUE,MANUAL
109,29,148,1.45,0,TRUE,MANUAL
110,29,154,3.95,0,TRUE,MANUAL
111,29,159,1.35,0,TRUE,MANUAL
112,29,239,5.7,0,TRUE,MANUAL
113,29,241,5.7,0,TRUE,MANUAL
114,29,249,5.25,0,TRUE,MANUAL
115,29,266,24.5,0,TRUE,MANUAL
116,29,267,23.0,0,TRUE,MANUAL
117,29,277,34.0,0,TRUE,MANUAL
118,29,280,3.3,0,TRUE,MANUAL
119,29,282,7.5,0,TRUE,MANUAL
120,29,284,2.35,0,TRUE,MANUAL
121,29,290,3.45,0,TRUE,MANUAL
122,29,310,4.9,0,TRUE,MANUAL
123,29,312,4.8,0,TRUE,MANUAL
124,29,314,5.4,0,TRUE,MANUAL
125,29,321,5.0,0,TRUE,MANUAL
126,29,343,5.5,0,TRUE,MANUAL
127,29,348,4.4,0,TRUE,MANUAL
128,29,351,32.8,0,TRUE,MANUAL
129,29,356,9.95,0,TRUE,MANUAL
130,29,361,5.45,0,TRUE,MANUAL
131,29,362,7.5,0,TRUE,MANUAL
132,29,371,1.55,0,TRUE,MANUAL
133,29,373,8.1,0,TRUE,MANUAL
134,29,382,13.99,0,TRUE,MANUAL
135,29,385,9.95,0,TRUE,MANUAL
136,29,387,7.5,0,TRUE,MANUAL
137,29,389,7.4,0,TRUE,MANUAL
138,29,390,8.8,0,TRUE,MANUAL
139,29,393,5.6,0,TRUE,MANUAL
140,29,402,4.2,0,TRUE,MANUAL
141,29,403,5.9,0,TRUE,MANUAL
142,29,404,6.2,0,TRUE,MANUAL
143,29,450,6.95,0,TRUE,MANUAL
144,29,454,5.65,0,TRUE,MANUAL
145,29,473,3.65,0,TRUE,MANUAL
146,29,475,1.5,0,TRUE,MANUAL
147,29,477,6.5,0,TRUE,MANUAL
148,29,483,60.0,0,TRUE,MANUAL
149,29,486,2.85,0,TRUE,MANUAL
150,29,487,2.3,0,TRUE,MANUAL
151,29,488,2.3,0,TRUE,MANUAL
152,29,497,4.1,0,TRUE,MANUAL
153,29,499,3.65,0,TRUE,MANUAL
154,29,516,1.9,0,TRUE,MANUAL
155,29,521,2.65,0,TRUE,MANUAL
156,29,522,3.2,0,TRUE,MANUAL
157,29,528,3.5,0,TRUE,MANUAL
158,29,529,3.9,0,TRUE,MANUAL
159,29,532,3.45,0,TRUE,MANUAL
160,29,541,4.9,0,TRUE,MANUAL
161,29,544,2.38,0,TRUE,MANUAL
162,29,545,2.1,0,TRUE,MANUAL
163,29,546,3.1,0,TRUE,MANUAL
164,29,549,2.65,0,TRUE,MANUAL
165,29,553,5.45,0,TRUE,MANUAL
166,29,556,2.05,0,TRUE,MANUAL
167,29,565,3.0,0,TRUE,MANUAL
168,29,573,12.9,0,TRUE,MANUAL
169,29,580,11.5,0,TRUE,MANUAL
170,29,592,6.9,0,TRUE,MANUAL
171,29,593,7.6,0,TRUE,MANUAL
172,29,594,8.9,0,TRUE,MANUAL
173,29,615,12.5,0,TRUE,MANUAL
174,29,623,4.8,0,TRUE,MANUAL
175,29,634,14.5,0,TRUE,MANUAL
176,29,637,15.6,0,TRUE,MANUAL
177,29,657,7.3,0,TRUE,MANUAL
178,29,658,7.3,0,TRUE,MANUAL
179,29,664,2.99,0,TRUE,MANUAL
180,29,673,4.25,0,TRUE,MANUAL
181,29,683,1.3,0,TRUE,MANUAL
182,29,687,1.05,0,TRUE,MANUAL
183,29,701,13.25,0,TRUE,MANUAL
184,29,712,7.65,0,TRUE,MANUAL
185,29,717,29.5,0,TRUE,MANUAL
186,30,23,3.78,0,TRUE,MANUAL
187,30,25,3.98,0,TRUE,MANUAL
188,30,64,3.25,0,TRUE,MANUAL
189,30,73,5.9,0,TRUE,MANUAL
190,30,111,4.95,0,TRUE,MANUAL
191,30,138,2.45,0,TRUE,MANUAL
192,30,159,1.45,0,TRUE,MANUAL
193,30,197,3.45,0,TRUE,MANUAL
194,30,241,6.2,0,TRUE,MANUAL
195,30,280,3.68,0,TRUE,MANUAL
196,30,284,1.98,0,TRUE,MANUAL
197,30,297,4.65,0,TRUE,MANUAL
198,30,312,4.8,0,TRUE,MANUAL
199,30,314,5.2,0,TRUE,MANUAL
200,30,363,9.4,0,TRUE,MANUAL
201,30,364,9.6,0,TRUE,MANUAL
202,30,371,1.86,0,TRUE,MANUAL
203,30,390,7.8,0,TRUE,MANUAL
204,30,392,7.8,0,TRUE,MANUAL
205,30,418,4.5,0,TRUE,MANUAL
206,30,522,3.6,0,TRUE,MANUAL
207,30,529,3.85,0,TRUE,MANUAL
208,30,532,3.85,0,TRUE,MANUAL
209,30,534,4.1,0,TRUE,MANUAL
210,30,547,3.6,0,TRUE,MANUAL
211,30,566,6.5,0,TRUE,MANUAL
212,30,637,16.8,0,TRUE,MANUAL
213,30,664,4.95,0,TRUE,MANUAL
214,31,23,3.78,0,TRUE,MANUAL
215,31,25,3.98,0,TRUE,MANUAL
216,31,64,2.99,0,TRUE,MANUAL
217,31,68,6.45,0,TRUE,MANUAL
218,31,73,6.2,0,TRUE,MANUAL
219,31,98,5.5,0,TRUE,MANUAL
220,31,111,4.99,0,TRUE,MANUAL
221,31,113,4.75,0,TRUE,MANUAL
222,31,159,1.38,0,TRUE,MANUAL
223,31,241,6.2,0,TRUE,MANUAL
224,31,249,5.25,0,TRUE,MANUAL
225,31,254,11.2,0,TRUE,MANUAL
226,31,284,2.0,0,TRUE,MANUAL
227,31,297,4.7,0,TRUE,MANUAL
228,31,355,9.9,0,TRUE,MANUAL
229,31,376,8.2,0,TRUE,MANUAL
230,31,386,9.95,0,TRUE,MANUAL
231,31,397,9.95,0,TRUE,MANUAL
232,31,418,4.5,0,TRUE,MANUAL
233,31,497,4.5,0,TRUE,MANUAL
234,31,507,4.45,0,TRUE,MANUAL
235,31,512,3.85,0,TRUE,MANUAL
236,31,522,3.65,0,TRUE,MANUAL
237,31,534,3.4,0,TRUE,MANUAL
238,31,539,3.4,0,TRUE,MANUAL
239,31,553,5.65,0,TRUE,MANUAL
240,31,568,21.5,0,TRUE,MANUAL
241,31,571,21.5,0,TRUE,MANUAL
242,31,591,13.65,0,TRUE,MANUAL
243,31,664,4.95,0,TRUE,MANUAL
244,31,670,6.9,0,TRUE,MANUAL
245,32,23,3.78,0,TRUE,MANUAL
246,32,25,3.98,0,TRUE,MANUAL
247,32,64,2.99,0,TRUE,MANUAL
248,32,68,6.45,0,TRUE,MANUAL
249,32,73,6.2,0,TRUE,MANUAL
250,32,98,5.5,0,TRUE,MANUAL
251,32,111,4.99,0,TRUE,MANUAL
252,32,113,4.75,0,TRUE,MANUAL
253,32,138,2.2,0,TRUE,MANUAL
254,32,148,1.45,0,TRUE,MANUAL
255,32,159,1.38,0,TRUE,MANUAL
256,32,168,2.68,0,TRUE,MANUAL
257,32,241,6.2,0,TRUE,MANUAL
258,32,249,5.25,0,TRUE,MANUAL
259,32,254,11.2,0,TRUE,MANUAL
260,32,284,2.0,0,TRUE,MANUAL
261,32,297,4.4,0,TRUE,MANUAL
262,32,355,9.9,0,TRUE,MANUAL
263,32,376,8.2,0,TRUE,MANUAL
264,32,386,9.95,0,TRUE,MANUAL
265,32,389,5.8,0,TRUE,MANUAL
266,32,397,9.9,0,TRUE,MANUAL
267,32,418,4.5,0,TRUE,MANUAL
268,32,497,4.5,0,TRUE,MANUAL
269,32,507,4.45,0,TRUE,MANUAL
270,32,512,3.85,0,TRUE,MANUAL
271,32,522,3.65,0,TRUE,MANUAL
272,32,534,3.95,0,TRUE,MANUAL
273,32,539,3.4,0,TRUE,MANUAL
274,32,541,4.9,0,TRUE,MANUAL
275,32,553,5.65,0,TRUE,MANUAL
276,32,568,21.5,0,TRUE,MANUAL
277,32,571,21.5,0,TRUE,MANUAL
278,32,591,13.65,0,TRUE,MANUAL
279,32,638,5.9,0,TRUE,MANUAL
280,32,664,4.95,0,TRUE,MANUAL
281,32,670,6.9,0,TRUE,MANUAL
282,33,23,3.78,0,TRUE,MANUAL
283,33,25,3.98,0,TRUE,MANUAL
284,33,64,2.99,0,TRUE,MANUAL
285,33,68,6.45,0,TRUE,MANUAL
286,33,73,6.2,0,TRUE,MANUAL
287,33,98,5.5,0,TRUE,MANUAL
288,33,111,4.99,0,TRUE,MANUAL
289,33,113,4.75,0,TRUE,MANUAL
290,33,159,1.38,0,TRUE,MANUAL
291,33,241,6.2,0,TRUE,MANUAL
292,33,249,5.25,0,TRUE,MANUAL
293,33,254,11.2,0,TRUE,MANUAL
294,33,284,2.0,0,TRUE,MANUAL
295,33,297,4.7,0,TRUE,MANUAL
296,33,355,9.9,0,TRUE,MANUAL
297,33,376,8.2,0,TRUE,MANUAL
298,33,386,9.95,0,TRUE,MANUAL
299,33,397,9.95,0,TRUE,MANUAL
300,33,418,4.5,0,TRUE,MANUAL
301,33,497,4.5,0,TRUE,MANUAL
302,33,507,4.45,0,TRUE,MANUAL
303,33,512,3.85,0,TRUE,MANUAL
304,33,522,3.65,0,TRUE,MANUAL
305,33,529,3.95,0,TRUE,MANUAL
306,33,534,3.95,0,TRUE,MANUAL
307,33,539,3.4,0,TRUE,MANUAL
308,33,553,5.65,0,TRUE,MANUAL
309,33,568,21.5,0,TRUE,MANUAL
310,33,571,21.5,0,TRUE,MANUAL
311,33,591,13.65,0,TRUE,MANUAL
312,33,664,4.95,0,TRUE,MANUAL
313,33,670,6.9,0,TRUE,MANUAL
314,35,25,3.45,0,TRUE,MANUAL
315,35,321,7.5,0,TRUE,MANUAL
316,36,23,4.25,0,TRUE,MANUAL
317,36,37,1.65,0,TRUE,MANUAL
318,36,60,4.2,0,TRUE,MANUAL
319,36,62,6.5,0,TRUE,MANUAL
320,36,98,5.5,0,TRUE,MANUAL
321,36,111,5.0,0,TRUE,MANUAL
322,36,116,1.3,0,TRUE,MANUAL
323,36,126,1.5,0,TRUE,MANUAL
324,36,128,1.95,0,TRUE,MANUAL
325,36,137,1.95,0,TRUE,MANUAL
326,36,165,4.9,0,TRUE,MANUAL
327,36,168,2.85,0,TRUE,MANUAL
328,36,312,6.2,0,TRUE,MANUAL
329,36,346,7.9,0,TRUE,MANUAL
330,36,349,5.8,0,TRUE,MANUAL
331,36,365,8.5,0,TRUE,MANUAL
332,36,379,5.4,0,TRUE,MANUAL
333,36,418,5.9,0,TRUE,MANUAL
334,36,423,5.6,0,TRUE,MANUAL
335,36,430,5.0,0,TRUE,MANUAL
336,36,438,7.5,0,TRUE,MANUAL
337,36,522,3.88,0,TRUE,MANUAL
338,36,545,2.86,0,TRUE,MANUAL
339,36,554,2.86,0,TRUE,MANUAL
340,36,571,24.5,0,TRUE,MANUAL
341,38,23,3.78,0,TRUE,MANUAL
342,38,25,3.98,0,TRUE,MANUAL
343,38,64,2.99,0,TRUE,MANUAL
344,38,68,6.45,0,TRUE,MANUAL
345,38,73,6.2,0,TRUE,MANUAL
346,38,98,5.5,0,TRUE,MANUAL
347,38,111,4.99,0,TRUE,MANUAL
348,38,113,4.75,0,TRUE,MANUAL
349,38,159,1.38,0,TRUE,MANUAL
350,38,168,2.25,0,TRUE,MANUAL
351,38,241,6.2,0,TRUE,MANUAL
352,38,249,5.25,0,TRUE,MANUAL
353,38,254,11.2,0,TRUE,MANUAL
354,38,284,2.0,0,TRUE,MANUAL
355,38,297,4.7,0,TRUE,MANUAL
356,38,355,9.9,0,TRUE,MANUAL
357,38,376,8.2,0,TRUE,MANUAL
358,38,386,9.95,0,TRUE,MANUAL
359,38,397,9.95,0,TRUE,MANUAL
360,38,418,4.5,0,TRUE,MANUAL
361,38,497,4.5,0,TRUE,MANUAL
362,38,507,4.45,0,TRUE,MANUAL
363,38,512,3.85,0,TRUE,MANUAL
364,38,522,3.65,0,TRUE,MANUAL
365,38,534,3.95,0,TRUE,MANUAL
366,38,539,3.4,0,TRUE,MANUAL
367,38,541,4.9,0,TRUE,MANUAL
368,38,553,5.65,0,TRUE,MANUAL
369,38,568,21.5,0,TRUE,MANUAL
370,38,571,21.5,0,TRUE,MANUAL
371,38,591,13.65,0,TRUE,MANUAL
372,38,664,4.95,0,TRUE,MANUAL
373,38,670,6.9,0,TRUE,MANUAL
374,40,23,3.78,0,TRUE,MANUAL
375,40,25,3.98,0,TRUE,MANUAL
376,40,64,3.25,0,TRUE,MANUAL
377,40,73,5.9,0,TRUE,MANUAL
378,40,111,4.95,0,TRUE,MANUAL
379,40,126,1.1,0,TRUE,MANUAL
380,40,138,2.45,0,TRUE,MANUAL
381,40,159,1.45,0,TRUE,MANUAL
382,40,197,3.45,0,TRUE,MANUAL
383,40,241,6.2,0,TRUE,MANUAL
384,40,280,3.68,0,TRUE,MANUAL
385,40,284,1.98,0,TRUE,MANUAL
386,40,297,4.65,0,TRUE,MANUAL
387,40,312,4.8,0,TRUE,MANUAL
388,40,314,5.2,0,TRUE,MANUAL
389,40,363,9.4,0,TRUE,MANUAL
390,40,364,9.6,0,TRUE,MANUAL
391,40,371,1.86,0,TRUE,MANUAL
392,40,390,8.4,0,TRUE,MANUAL
393,40,392,8.4,0,TRUE,MANUAL
394,40,418,4.1,0,TRUE,MANUAL
395,40,522,3.6,0,TRUE,MANUAL
396,40,529,3.85,0,TRUE,MANUAL
397,40,532,3.85,0,TRUE,MANUAL
398,40,534,4.1,0,TRUE,MANUAL
399,40,547,3.6,0,TRUE,MANUAL
400,40,620,17.8,0,TRUE,MANUAL
401,40,664,4.95,0,TRUE,MANUAL
402,41,23,3.78,0,TRUE,MANUAL
403,41,50,4.9,0,TRUE,MANUAL
404,41,64,2.85,0,TRUE,MANUAL
405,41,81,22.8,0,TRUE,MANUAL
406,41,92,1.15,0,TRUE,MANUAL
407,41,93,1.3,0,TRUE,MANUAL
408,41,111,4.65,0,TRUE,MANUAL
409,41,159,1.25,0,TRUE,MANUAL
410,41,197,3.65,0,TRUE,MANUAL
411,41,241,6.5,0,TRUE,MANUAL
412,41,254,11.5,0,TRUE,MANUAL
413,41,280,3.85,0,TRUE,MANUAL
414,41,297,4.9,0,TRUE,MANUAL
415,41,312,4.85,0,TRUE,MANUAL
416,41,342,6.7,0,TRUE,MANUAL
417,41,348,3.95,0,TRUE,MANUAL
418,41,349,3.6,0,TRUE,MANUAL
419,41,370,8.4,0,TRUE,MANUAL
420,41,373,9.0,0,TRUE,MANUAL
421,41,382,11.99,0,TRUE,MANUAL
422,41,385,9.99,0,TRUE,MANUAL
423,41,386,11.99,0,TRUE,MANUAL
424,41,390,8.8,0,TRUE,MANUAL
425,41,418,4.6,0,TRUE,MANUAL
426,41,481,2.28,0,TRUE,MANUAL
427,41,497,4.5,0,TRUE,MANUAL
428,41,502,4.9,0,TRUE,MANUAL
429,41,522,2.99,0,TRUE,MANUAL
430,41,529,4.1,0,TRUE,MANUAL
431,41,532,3.65,0,TRUE,MANUAL
432,41,553,5.65,0,TRUE,MANUAL
433,41,568,21.5,0,TRUE,MANUAL
434,41,571,21.5,0,TRUE,MANUAL
435,41,634,14.95,0,TRUE,MANUAL
436,41,637,16.8,0,TRUE,MANUAL
437,41,664,4.25,0,TRUE,MANUAL
438,41,694,8.1,0,TRUE,MANUAL
439,41,701,14.5,0,TRUE,MANUAL
440,41,712,8.65,0,TRUE,MANUAL
441,41,717,29.8,0,TRUE,MANUAL
442,44,568,16.5,0,TRUE,MANUAL
443,44,571,24.5,0,TRUE,MANUAL
444,46,23,3.95,0,TRUE,MANUAL
445,48,25,3.98,0,TRUE,MANUAL
446,51,23,3.95,0,TRUE,MANUAL
447,51,209,4.4,0,TRUE,MANUAL
448,51,391,7.8,0,TRUE,MANUAL
449,51,532,4.25,0,TRUE,MANUAL
450,51,650,6.95,0,TRUE,MANUAL
451,51,652,7.45,0,TRUE,MANUAL
452,51,664,3.99,0,TRUE,MANUAL
453,52,23,3.78,0,TRUE,MANUAL
454,52,25,3.98,0,TRUE,MANUAL
455,52,64,2.99,0,TRUE,MANUAL
456,52,68,6.45,0,TRUE,MANUAL
457,52,73,6.2,0,TRUE,MANUAL
458,52,98,5.5,0,TRUE,MANUAL
459,52,111,4.99,0,TRUE,MANUAL
460,52,113,4.75,0,TRUE,MANUAL
461,52,159,1.38,0,TRUE,MANUAL
462,52,168,2.25,0,TRUE,MANUAL
463,52,241,6.2,0,TRUE,MANUAL
464,52,249,5.25,0,TRUE,MANUAL
465,52,254,11.2,0,TRUE,MANUAL
466,52,284,2.0,0,TRUE,MANUAL
467,52,297,4.7,0,TRUE,MANUAL
468,52,355,9.9,0,TRUE,MANUAL
469,52,376,8.2,0,TRUE,MANUAL
470,52,386,9.95,0,TRUE,MANUAL
471,52,397,9.95,0,TRUE,MANUAL
472,52,418,4.5,0,TRUE,MANUAL
473,52,497,4.5,0,TRUE,MANUAL
474,52,512,3.85,0,TRUE,MANUAL
475,52,522,3.65,0,TRUE,MANUAL
476,52,529,3.95,0,TRUE,MANUAL
477,52,534,3.95,0,TRUE,MANUAL
478,52,539,3.4,0,TRUE,MANUAL
479,52,553,5.65,0,TRUE,MANUAL
480,52,568,21.5,0,TRUE,MANUAL
481,52,571,21.5,0,TRUE,MANUAL
482,52,591,13.65,0,TRUE,MANUAL
483,52,664,4.95,0,TRUE,MANUAL
484,52,670,6.9,0,TRUE,MANUAL
485,53,23,3.45,0,TRUE,MANUAL
486,53,25,3.75,0,TRUE,MANUAL
487,53,64,2.85,0,TRUE,MANUAL
488,53,68,6.45,0,TRUE,MANUAL
489,53,73,6.2,0,TRUE,MANUAL
490,53,98,5.5,0,TRUE,MANUAL
491,53,100,58.0,0,TRUE,MANUAL
492,53,111,4.99,0,TRUE,MANUAL
493,53,113,5.6,0,TRUE,MANUAL
494,53,138,2.2,0,TRUE,MANUAL
495,53,148,1.45,0,TRUE,MANUAL
496,53,159,1.38,0,TRUE,MANUAL
497,53,168,2.25,0,TRUE,MANUAL
498,53,241,6.2,0,TRUE,MANUAL
499,53,249,5.25,0,TRUE,MANUAL
500,53,254,10.95,0,TRUE,MANUAL
501,53,284,2.0,0,TRUE,MANUAL
502,53,297,4.4,0,TRUE,MANUAL
503,53,355,9.9,0,TRUE,MANUAL
504,53,376,8.2,0,TRUE,MANUAL
505,53,386,9.95,0,TRUE,MANUAL
506,53,389,5.8,0,TRUE,MANUAL
507,53,397,9.9,0,TRUE,MANUAL
508,53,418,4.1,0,TRUE,MANUAL
509,53,497,3.95,0,TRUE,MANUAL
510,53,507,4.45,0,TRUE,MANUAL
511,53,512,3.85,0,TRUE,MANUAL
512,53,522,3.65,0,TRUE,MANUAL
513,53,529,3.95,0,TRUE,MANUAL
514,53,534,3.95,0,TRUE,MANUAL
515,53,539,3.4,0,TRUE,MANUAL
516,53,541,4.9,0,TRUE,MANUAL
517,53,553,5.65,0,TRUE,MANUAL
518,53,571,19.5,0,TRUE,MANUAL
519,53,587,9.95,0,TRUE,MANUAL
520,53,591,13.65,0,TRUE,MANUAL
521,53,620,16.5,0,TRUE,MANUAL
522,53,637,16.0,0,TRUE,MANUAL
523,53,652,7.25,0,TRUE,MANUAL
524,53,664,4.95,0,TRUE,MANUAL
525,53,670,5.9,0,TRUE,MANUAL
526,53,678,6.9,0,TRUE,MANUAL
527,54,111,4.99,0,TRUE,MANUAL
528,54,267,24.95,0,TRUE,MANUAL
529,54,389,8.4,0,TRUE,MANUAL
530,54,553,6.2,0,TRUE,MANUAL
531,54,566,6.5,0,TRUE,MANUAL
532,54,568,24.5,0,TRUE,MANUAL
533,54,571,21.5,0,TRUE,MANUAL
534,54,707,10.65,0,TRUE,MANUAL
535,55,25,3.65,0,TRUE,MANUAL
536,55,73,6.9,0,TRUE,MANUAL
537,55,111,4.99,0,TRUE,MANUAL
538,55,241,6.2,0,TRUE,MANUAL
539,55,274,28.5,0,TRUE,MANUAL
540,55,297,4.7,0,TRUE,MANUAL
541,55,314,5.4,0,TRUE,MANUAL
542,55,349,4.7,0,TRUE,MANUAL
543,55,364,8.8,0,TRUE,MANUAL
544,55,376,8.0,0,TRUE,MANUAL
545,55,390,7.9,0,TRUE,MANUAL
546,55,418,4.6,0,TRUE,MANUAL
547,55,502,3.95,0,TRUE,MANUAL
548,55,529,3.85,0,TRUE,MANUAL
549,55,534,4.25,0,TRUE,MANUAL
550,55,544,3.5,0,TRUE,MANUAL
551,55,620,16.4,0,TRUE,MANUAL
552,56,23,3.58,0,TRUE,MANUAL
553,56,127,0.9,0,TRUE,MANUAL
554,56,145,1.35,0,TRUE,MANUAL
555,56,314,5.9,0,TRUE,MANUAL
556,56,456,11.25,0,TRUE,MANUAL
557,56,491,1.3,0,TRUE,MANUAL
558,56,496,10.9,0,TRUE,MANUAL
559,56,522,2.99,0,TRUE,MANUAL
560,56,532,3.85,0,TRUE,MANUAL
561,56,625,6.5,0,TRUE,MANUAL
562,56,664,5.1,0,TRUE,MANUAL
563,56,677,4.65,0,TRUE,MANUAL
564,57,20,0.6,0,TRUE,MANUAL
565,57,402,1.5,0,TRUE,MANUAL
566,58,482,4.65,0,TRUE,MANUAL
567,60,111,4.95,0,TRUE,MANUAL
568,61,113,5.6,0,TRUE,MANUAL
569,61,126,1.25,0,TRUE,MANUAL
570,61,159,1.65,0,TRUE,MANUAL
571,61,164,4.4,0,TRUE,MANUAL
572,61,293,4.8,0,TRUE,MANUAL
573,61,353,9.95,0,TRUE,MANUAL
574,61,367,9.6,0,TRUE,MANUAL
575,61,385,11.5,0,TRUE,MANUAL
576,61,664,6.9,0,TRUE,MANUAL
577,61,670,6.8,0,TRUE,MANUAL
578,64,126,1.5,0,TRUE,MANUAL
579,64,127,1.08,0,TRUE,MANUAL
580,64,361,8.4,0,TRUE,MANUAL
581,64,363,8.8,0,TRUE,MANUAL
582,64,521,3.65,0,TRUE,MANUAL
583,64,522,3.65,0,TRUE,MANUAL
584,64,623,6.95,0,TRUE,MANUAL
585,64,637,17.6,0,TRUE,MANUAL
586,65,23,3.45,0,TRUE,MANUAL
587,65,111,4.99,0,TRUE,MANUAL
588,65,664,4.99,0,TRUE,MANUAL
589,66,23,3.78,0,TRUE,MANUAL
590,66,25,3.98,0,TRUE,MANUAL
591,66,73,6.7,0,TRUE,MANUAL
592,66,111,4.99,0,TRUE,MANUAL
593,66,159,1.45,0,TRUE,MANUAL
594,66,198,4.45,0,TRUE,MANUAL
595,66,241,6.3,0,TRUE,MANUAL
596,66,364,9.4,0,TRUE,MANUAL
597,66,418,4.7,0,TRUE,MANUAL
598,66,496,14.45,0,TRUE,MANUAL
599,66,529,4.45,0,TRUE,MANUAL
600,66,571,21.5,0,TRUE,MANUAL
601,66,620,17.4,0,TRUE,MANUAL
602,66,625,7.0,0,TRUE,MANUAL
603,66,647,17.6,0,TRUE,MANUAL
604,66,664,6.45,0,TRUE,MANUAL
605,66,682,4.95,0,TRUE,MANUAL
606,67,113,5.4,0,TRUE,MANUAL
607,67,197,3.56,0,TRUE,MANUAL
608,67,418,5.3,0,TRUE,MANUAL
609,67,720,18.0,0,TRUE,MANUAL
610,67,722,10.8,0,TRUE,MANUAL
611,67,723,22.5,0,TRUE,MANUAL
612,67,726,36.0,0,TRUE,MANUAL
613,68,23,3.95,0,TRUE,MANUAL
614,69,23,3.78,0,TRUE,MANUAL
615,69,26,5.2,0,TRUE,MANUAL
616,69,64,3.25,0,TRUE,MANUAL
617,69,99,5.9,0,TRUE,MANUAL
618,69,197,3.65,0,TRUE,MANUAL
619,69,199,15.65,0,TRUE,MANUAL
620,69,312,4.9,0,TRUE,MANUAL
621,69,314,5.4,0,TRUE,MANUAL
622,70,23,3.95,0,TRUE,MANUAL
623,72,23,3.78,0,TRUE,MANUAL
624,72,25,3.98,0,TRUE,MANUAL
625,72,73,6.9,0,TRUE,MANUAL
626,72,81,16.0,0,TRUE,MANUAL
627,72,93,1.5,0,TRUE,MANUAL
628,72,111,4.65,0,TRUE,MANUAL
629,72,113,4.95,0,TRUE,MANUAL
630,72,136,5.2,0,TRUE,MANUAL
631,72,206,3.65,0,TRUE,MANUAL
632,72,274,32.5,0,TRUE,MANUAL
633,72,297,4.7,0,TRUE,MANUAL
634,72,363,8.9,0,TRUE,MANUAL
635,72,370,9.5,0,TRUE,MANUAL
636,72,371,2.68,0,TRUE,MANUAL
637,72,417,4.6,0,TRUE,MANUAL
638,72,423,4.15,0,TRUE,MANUAL
639,72,475,1.95,0,TRUE,MANUAL
640,72,531,5.1,0,TRUE,MANUAL
641,72,553,6.3,0,TRUE,MANUAL
642,72,664,4.65,0,TRUE,MANUAL
643,73,23,3.95,0,TRUE,MANUAL
644,73,111,4.99,0,TRUE,MANUAL
645,73,233,3.95,0,TRUE,MANUAL
646,73,382,14.99,0,TRUE,MANUAL
647,73,664,3.4,0,TRUE,MANUAL
648,75,92,1.1,0,TRUE,MANUAL
649,75,93,1.5,0,TRUE,MANUAL
650,75,111,4.99,0,TRUE,MANUAL
651,75,160,1.6,0,TRUE,MANUAL
652,75,363,9.2,0,TRUE,MANUAL
653,75,364,9.9,0,TRUE,MANUAL
654,75,371,2.86,0,TRUE,MANUAL
655,75,397,10.95,0,TRUE,MANUAL
656,75,534,4.45,0,TRUE,MANUAL
657,75,647,16.5,0,TRUE,MANUAL
658,76,25,3.98,0,TRUE,MANUAL
659,76,98,5.5,0,TRUE,MANUAL
660,76,111,4.99,0,TRUE,MANUAL
661,76,126,1.15,0,TRUE,MANUAL
662,76,267,23.5,0,TRUE,MANUAL
663,76,376,8.2,0,TRUE,MANUAL
664,76,497,4.1,0,TRUE,MANUAL
665,76,664,3.99,0,TRUE,MANUAL
666,77,23,3.78,0,TRUE,MANUAL
667,77,111,4.65,0,TRUE,MANUAL
668,77,176,11.99,0,TRUE,MANUAL
669,77,312,4.4,0,TRUE,MANUAL
670,78,91,1.2,0,TRUE,MANUAL
671,78,93,1.5,0,TRUE,MANUAL
672,78,111,4.45,0,TRUE,MANUAL
673,78,190,1.35,0,TRUE,MANUAL
674,81,23,3.95,0,TRUE,MANUAL
675,83,23,3.95,0,TRUE,MANUAL
676,84,25,3.98,0,TRUE,MANUAL
677,84,93,1.4,0,TRUE,MANUAL
678,84,111,4.99,0,TRUE,MANUAL
679,84,241,6.9,0,TRUE,MANUAL
680,84,298,4.9,0,TRUE,MANUAL
681,84,314,5.9,0,TRUE,MANUAL
682,84,390,8.8,0,TRUE,MANUAL
683,84,418,5.9,0,TRUE,MANUAL
684,84,532,3.95,0,TRUE,MANUAL
685,85,23,3.95,0,TRUE,MANUAL
686,85,25,3.98,0,TRUE,MANUAL
687,85,111,4.65,0,TRUE,MANUAL
688,85,113,5.4,0,TRUE,MANUAL
689,85,206,3.95,0,TRUE,MANUAL
690,85,209,4.4,0,TRUE,MANUAL
691,85,217,4.1,0,TRUE,MANUAL
692,85,226,4.25,0,TRUE,MANUAL
693,85,231,7.4,0,TRUE,MANUAL
694,85,233,3.55,0,TRUE,MANUAL
695,85,234,4.65,0,TRUE,MANUAL
696,85,297,4.7,0,TRUE,MANUAL
697,85,522,2.99,0,TRUE,MANUAL
698,85,664,3.0,0,TRUE,MANUAL
699,85,738,3.5,0,TRUE,MANUAL
700,86,290,3.98,0,TRUE,MANUAL
701,86,348,4.8,0,TRUE,MANUAL
702,86,497,5.1,0,TRUE,MANUAL
703,86,573,22.5,0,TRUE,MANUAL
704,86,575,24.5,0,TRUE,MANUAL
705,86,595,6.8,0,TRUE,MANUAL
706,87,23,3.78,0,TRUE,MANUAL
707,87,64,3.25,0,TRUE,MANUAL
708,87,529,4.68,0,TRUE,MANUAL
709,87,664,6.95,0,TRUE,MANUAL
710,89,23,3.95,0,TRUE,MANUAL
711,90,23,3.48,0,TRUE,MANUAL
712,90,80,13.3,0,TRUE,MANUAL
713,90,86,13.3,0,TRUE,MANUAL
714,90,495,12.2,0,TRUE,MANUAL
715,91,23,3.95,0,TRUE,MANUAL
716,91,111,4.99,0,TRUE,MANUAL
717,91,529,4.65,0,TRUE,MANUAL
718,91,532,3.9,0,TRUE,MANUAL
719,91,638,6.4,0,TRUE,MANUAL
720,92,23,3.95,0,TRUE,MANUAL
721,92,111,4.99,0,TRUE,MANUAL
722,92,241,6.9,0,TRUE,MANUAL
723,92,298,4.9,0,TRUE,MANUAL
724,92,314,5.9,0,TRUE,MANUAL
725,92,390,8.8,0,TRUE,MANUAL
726,92,418,5.9,0,TRUE,MANUAL
727,92,502,5.4,0,TRUE,MANUAL
728,92,652,6.95,0,TRUE,MANUAL
729,93,64,2.65,0,TRUE,MANUAL
730,93,652,7.65,0,TRUE,MANUAL
731,95,25,3.98,0,TRUE,MANUAL
732,95,111,4.99,0,TRUE,MANUAL
733,95,297,4.7,0,TRUE,MANUAL
734,95,342,6.95,0,TRUE,MANUAL
735,95,348,4.4,0,TRUE,MANUAL
736,95,349,4.9,0,TRUE,MANUAL
737,95,522,2.99,0,TRUE,MANUAL
738,95,534,4.5,0,TRUE,MANUAL
739,95,538,5.5,0,TRUE,MANUAL
740,95,652,7.65,0,TRUE,MANUAL
741,95,664,3.0,0,TRUE,MANUAL
742,95,671,5.9,0,TRUE,MANUAL
743,96,23,3.95,0,TRUE,MANUAL
744,96,129,1.75,0,TRUE,MANUAL
745,97,23,3.65,0,TRUE,MANUAL
746,97,64,2.65,0,TRUE,MANUAL
747,97,68,6.25,0,TRUE,MANUAL
748,97,140,2.65,0,TRUE,MANUAL
749,97,197,3.65,0,TRUE,MANUAL
750,97,364,8.65,0,TRUE,MANUAL
751,97,731,2.6,0,TRUE,MANUAL
752,98,56,8.2,0,TRUE,MANUAL
753,98,94,0.8,0,TRUE,MANUAL
754,98,111,4.99,0,TRUE,MANUAL
755,98,113,5.4,0,TRUE,MANUAL
756,98,116,0.88,0,TRUE,MANUAL
757,98,126,1.4,0,TRUE,MANUAL
758,98,138,2.58,0,TRUE,MANUAL
759,98,142,2.85,0,TRUE,MANUAL
760,98,150,6.3,0,TRUE,MANUAL
761,98,168,1.65,0,TRUE,MANUAL
762,98,171,26.9,0,TRUE,MANUAL
763,98,187,21.5,0,TRUE,MANUAL
764,98,267,27.0,0,TRUE,MANUAL
765,98,271,32.0,0,TRUE,MANUAL
766,98,274,32.0,0,TRUE,MANUAL
767,98,355,12.85,0,TRUE,MANUAL
768,98,386,11.45,0,TRUE,MANUAL
769,98,390,9.2,0,TRUE,MANUAL
770,98,461,12.86,0,TRUE,MANUAL
771,98,464,12.86,0,TRUE,MANUAL
772,98,543,5.1,0,TRUE,MANUAL
773,98,616,22.95,0,TRUE,MANUAL
774,98,620,21.0,0,TRUE,MANUAL
775,98,687,1.2,0,TRUE,MANUAL
776,98,697,9.99,0,TRUE,MANUAL
777,99,23,4.25,0,TRUE,MANUAL
778,99,25,3.98,0,TRUE,MANUAL
779,99,111,4.4,0,TRUE,MANUAL
780,99,126,1.4,0,TRUE,MANUAL
781,99,239,6.4,0,TRUE,MANUAL
782,99,241,6.7,0,TRUE,MANUAL
783,99,314,5.9,0,TRUE,MANUAL
784,99,370,8.9,0,TRUE,MANUAL
785,99,417,4.45,0,TRUE,MANUAL
786,99,502,4.95,0,TRUE,MANUAL
787,99,529,3.95,0,TRUE,MANUAL
788,99,544,2.75,0,TRUE,MANUAL
789,99,547,3.85,0,TRUE,MANUAL
790,99,620,17.9,0,TRUE,MANUAL
791,99,634,17.2,0,TRUE,MANUAL
792,99,637,17.95,0,TRUE,MANUAL
793,100,23,3.95,0,TRUE,MANUAL
794,100,80,14.4,0,TRUE,MANUAL
795,100,312,5.4,0,TRUE,MANUAL
796,101,23,3.75,0,TRUE,MANUAL
797,101,113,4.9,0,TRUE,MANUAL
798,101,197,3.78,0,TRUE,MANUAL
799,101,206,3.75,0,TRUE,MANUAL
800,101,233,3.85,0,TRUE,MANUAL
801,101,664,5.9,0,TRUE,MANUAL
802,102,23,3.45,0,TRUE,MANUAL
803,102,25,3.65,0,TRUE,MANUAL
804,102,26,5.2,0,TRUE,MANUAL
805,102,27,5.2,0,TRUE,MANUAL
806,102,33,4.95,0,TRUE,MANUAL
807,102,40,9.4,0,TRUE,MANUAL
808,102,58,4.5,0,TRUE,MANUAL
809,102,59,3.9,0,TRUE,MANUAL
810,102,61,5.9,0,TRUE,MANUAL
811,102,67,4.65,0,TRUE,MANUAL
812,102,111,4.0,0,TRUE,MANUAL
813,102,168,2.3,0,TRUE,MANUAL
814,102,239,2.0,0,TRUE,MANUAL
815,102,241,5.5,0,TRUE,MANUAL
816,102,254,10.95,0,TRUE,MANUAL
817,102,257,15.45,0,TRUE,MANUAL
818,102,266,23.5,0,TRUE,MANUAL
819,102,280,3.28,0,TRUE,MANUAL
820,102,284,1.95,0,TRUE,MANUAL
821,102,312,4.8,0,TRUE,MANUAL
822,102,348,3.5,0,TRUE,MANUAL
823,102,361,7.6,0,TRUE,MANUAL
824,102,362,6.9,0,TRUE,MANUAL
825,102,370,7.99,0,TRUE,MANUAL
826,102,371,1.32,0,TRUE,MANUAL
827,102,373,7.4,0,TRUE,MANUAL
828,102,387,7.65,0,TRUE,MANUAL
829,102,389,6.5,0,TRUE,MANUAL
830,102,393,5.6,0,TRUE,MANUAL
831,102,402,4.5,0,TRUE,MANUAL
832,102,404,5.65,0,TRUE,MANUAL
833,102,408,4.95,0,TRUE,MANUAL
834,102,432,3.9,0,TRUE,MANUAL
835,102,450,4.4,0,TRUE,MANUAL
836,102,477,6.7,0,TRUE,MANUAL
837,102,486,2.88,0,TRUE,MANUAL
838,102,488,2.5,0,TRUE,MANUAL
839,102,497,3.6,0,TRUE,MANUAL
840,102,499,4.1,0,TRUE,MANUAL
841,102,522,2.99,0,TRUE,MANUAL
842,102,529,3.65,0,TRUE,MANUAL
843,102,532,3.55,0,TRUE,MANUAL
844,102,541,4.9,0,TRUE,MANUAL
845,102,545,2.85,0,TRUE,MANUAL
846,102,547,3.65,0,TRUE,MANUAL
847,102,549,2.65,0,TRUE,MANUAL
848,102,573,12.9,0,TRUE,MANUAL
849,102,592,7.4,0,TRUE,MANUAL
850,102,594,9.1,0,TRUE,MANUAL
851,102,623,4.6,0,TRUE,MANUAL
852,102,625,5.9,0,TRUE,MANUAL
853,102,634,14.5,0,TRUE,MANUAL
854,102,637,16.2,0,TRUE,MANUAL
855,102,647,17.65,0,TRUE,MANUAL
856,102,657,7.25,0,TRUE,MANUAL
857,102,658,6.5,0,TRUE,MANUAL
858,102,664,4.85,0,TRUE,MANUAL
859,102,673,5.6,0,TRUE,MANUAL
860,102,677,5.65,0,TRUE,MANUAL
861,102,682,3.5,0,TRUE,MANUAL
862,102,712,8.4,0,TRUE,MANUAL
863,104,23,3.78,0,TRUE,MANUAL
864,104,25,3.98,0,TRUE,MANUAL
865,104,64,2.99,0,TRUE,MANUAL
866,104,68,6.45,0,TRUE,MANUAL
867,104,73,6.2,0,TRUE,MANUAL
868,104,98,5.5,0,TRUE,MANUAL
869,104,111,4.99,0,TRUE,MANUAL
870,104,113,4.75,0,TRUE,MANUAL
871,104,159,1.38,0,TRUE,MANUAL
872,104,241,6.2,0,TRUE,MANUAL
873,104,249,5.25,0,TRUE,MANUAL
874,104,254,11.5,0,TRUE,MANUAL
875,104,284,2.0,0,TRUE,MANUAL
876,104,297,4.7,0,TRUE,MANUAL
877,104,355,9.9,0,TRUE,MANUAL
878,104,376,8.2,0,TRUE,MANUAL
879,104,386,9.95,0,TRUE,MANUAL
880,104,397,9.95,0,TRUE,MANUAL
881,104,418,4.5,0,TRUE,MANUAL
882,104,497,3.95,0,TRUE,MANUAL
883,104,512,3.85,0,TRUE,MANUAL
884,104,522,3.65,0,TRUE,MANUAL
885,104,534,3.95,0,TRUE,MANUAL
886,104,539,3.4,0,TRUE,MANUAL
887,104,553,5.65,0,TRUE,MANUAL
888,104,568,21.5,0,TRUE,MANUAL
889,104,571,21.5,0,TRUE,MANUAL
890,104,591,13.65,0,TRUE,MANUAL
891,104,664,4.95,0,TRUE,MANUAL
892,104,670,6.9,0,TRUE,MANUAL
893,105,652,6.95,0,TRUE,MANUAL
894,105,664,4.0,0,TRUE,MANUAL
895,106,3,0.0,0,TRUE,MANUAL
896,106,23,3.78,0,TRUE,MANUAL
897,106,103,10.65,0,TRUE,MANUAL
898,106,111,4.99,0,TRUE,MANUAL
899,106,125,2.3,0,TRUE,MANUAL
900,106,126,1.2,0,TRUE,MANUAL
901,106,197,3.68,0,TRUE,MANUAL
902,106,375,14.99,0,TRUE,MANUAL
903,106,382,14.99,0,TRUE,MANUAL
904,106,386,10.8,0,TRUE,MANUAL
905,106,507,4.68,0,TRUE,MANUAL
906,106,529,3.95,0,TRUE,MANUAL
907,106,553,5.95,0,TRUE,MANUAL
908,108,23,4.25,0,TRUE,MANUAL
909,108,62,6.5,0,TRUE,MANUAL
910,108,64,2.95,0,TRUE,MANUAL
911,108,68,6.95,0,TRUE,MANUAL
912,108,138,2.28,0,TRUE,MANUAL
913,108,254,11.45,0,TRUE,MANUAL
914,108,266,23.5,0,TRUE,MANUAL
915,108,267,26.5,0,TRUE,MANUAL
916,108,277,38.5,0,TRUE,MANUAL
917,108,348,4.4,0,TRUE,MANUAL
918,108,356,11.95,0,TRUE,MANUAL
919,108,592,10.6,0,TRUE,MANUAL
920,109,23,3.78,0,TRUE,MANUAL
921,109,50,4.9,0,TRUE,MANUAL
922,109,92,1.15,0,TRUE,MANUAL
923,109,93,1.3,0,TRUE,MANUAL
924,109,111,4.65,0,TRUE,MANUAL
925,109,147,0.7,0,TRUE,MANUAL
926,109,159,1.25,0,TRUE,MANUAL
927,109,197,3.65,0,TRUE,MANUAL
928,109,241,6.5,0,TRUE,MANUAL
929,109,254,11.5,0,TRUE,MANUAL
930,109,280,3.85,0,TRUE,MANUAL
931,109,297,4.9,0,TRUE,MANUAL
932,109,342,6.7,0,TRUE,MANUAL
933,109,348,3.95,0,TRUE,MANUAL
934,109,364,9.9,0,TRUE,MANUAL
935,109,382,11.99,0,TRUE,MANUAL
936,109,385,9.99,0,TRUE,MANUAL
937,109,386,11.99,0,TRUE,MANUAL
938,109,390,8.8,0,TRUE,MANUAL
939,109,418,4.6,0,TRUE,MANUAL
940,109,481,2.28,0,TRUE,MANUAL
941,109,497,4.5,0,TRUE,MANUAL
942,109,502,4.9,0,TRUE,MANUAL
943,109,522,2.99,0,TRUE,MANUAL
944,109,529,4.1,0,TRUE,MANUAL
945,109,532,3.65,0,TRUE,MANUAL
946,109,553,5.65,0,TRUE,MANUAL
947,109,568,16.9,0,TRUE,MANUAL
948,109,571,21.5,0,TRUE,MANUAL
949,109,616,19.5,0,TRUE,MANUAL
950,109,620,18.9,0,TRUE,MANUAL
951,109,650,6.65,0,TRUE,MANUAL
952,109,652,6.99,0,TRUE,MANUAL
953,109,664,4.25,0,TRUE,MANUAL
954,109,712,8.65,0,TRUE,MANUAL
955,111,23,3.78,0,TRUE,MANUAL
956,111,25,3.98,0,TRUE,MANUAL
957,111,111,4.99,0,TRUE,MANUAL
958,111,126,1.2,0,TRUE,MANUAL
959,111,321,7.5,0,TRUE,MANUAL
960,112,23,3.75,0,TRUE,MANUAL
961,112,25,3.75,0,TRUE,MANUAL
962,112,64,2.85,0,TRUE,MANUAL
963,112,68,6.45,0,TRUE,MANUAL
964,112,73,6.2,0,TRUE,MANUAL
965,112,98,5.5,0,TRUE,MANUAL
966,112,111,3.95,0,TRUE,MANUAL
967,112,159,1.38,0,TRUE,MANUAL
968,112,241,6.2,0,TRUE,MANUAL
969,112,249,5.25,0,TRUE,MANUAL
970,112,284,2.0,0,TRUE,MANUAL
971,112,297,4.7,0,TRUE,MANUAL
972,112,355,9.9,0,TRUE,MANUAL
973,112,376,8.2,0,TRUE,MANUAL
974,112,386,9.95,0,TRUE,MANUAL
975,112,396,7.9,0,TRUE,MANUAL
976,112,397,9.95,0,TRUE,MANUAL
977,112,418,4.5,0,TRUE,MANUAL
978,112,497,3.95,0,TRUE,MANUAL
979,112,507,4.45,0,TRUE,MANUAL
980,112,512,3.85,0,TRUE,MANUAL
981,112,522,3.65,0,TRUE,MANUAL
982,112,534,3.95,0,TRUE,MANUAL
983,112,539,3.4,0,TRUE,MANUAL
984,112,553,5.65,0,TRUE,MANUAL
985,112,571,19.5,0,TRUE,MANUAL
986,112,587,10.45,0,TRUE,MANUAL
987,112,620,16.5,0,TRUE,MANUAL
988,112,637,16.0,0,TRUE,MANUAL
989,112,652,7.25,0,TRUE,MANUAL
990,112,664,4.95,0,TRUE,MANUAL
991,112,670,6.9,0,TRUE,MANUAL
992,113,23,3.78,0,TRUE,MANUAL
993,113,86,14.5,0,TRUE,MANUAL
994,114,25,3.98,0,TRUE,MANUAL
995,114,147,0.75,0,TRUE,MANUAL
996,114,664,6.45,0,TRUE,MANUAL
997,117,23,3.85,0,TRUE,MANUAL
998,117,93,1.6,0,TRUE,MANUAL
999,117,111,4.99,0,TRUE,MANUAL
1000,117,113,5.5,0,TRUE,MANUAL
1001,117,297,4.6,0,TRUE,MANUAL
1002,117,312,5.8,0,TRUE,MANUAL
1003,117,571,19.5,0,TRUE,MANUAL
1004,117,647,15.9,0,TRUE,MANUAL
1005,117,657,7.6,0,TRUE,MANUAL
1006,117,658,7.2,0,TRUE,MANUAL
1007,117,664,4.5,0,TRUE,MANUAL
1008,118,23,3.78,0,TRUE,MANUAL
1009,118,80,15.0,0,TRUE,MANUAL
1010,118,81,15.0,0,TRUE,MANUAL
1011,118,111,4.65,0,TRUE,MANUAL
1012,118,151,4.99,0,TRUE,MANUAL
1013,118,244,34.2,0,TRUE,MANUAL
1014,118,312,5.9,0,TRUE,MANUAL
1015,118,314,4.89,0,TRUE,MANUAL
1016,118,321,4.0,0,TRUE,MANUAL
1017,118,495,12.9,0,TRUE,MANUAL
1018,118,496,12.9,0,TRUE,MANUAL
1019,118,568,15.0,0,TRUE,MANUAL
1020,118,571,15.0,0,TRUE,MANUAL
1021,118,581,9.95,0,TRUE,MANUAL
1022,118,652,7.25,0,TRUE,MANUAL
1023,119,23,3.45,0,TRUE,MANUAL
1024,119,25,3.85,0,TRUE,MANUAL
1025,119,26,4.9,0,TRUE,MANUAL
1026,119,27,5.4,0,TRUE,MANUAL
1027,119,32,0.4,0,TRUE,MANUAL
1028,119,39,9.9,0,TRUE,MANUAL
1029,119,40,9.4,0,TRUE,MANUAL
1030,119,50,4.7,0,TRUE,MANUAL
1031,119,57,6.5,0,TRUE,MANUAL
1032,119,58,5.45,0,TRUE,MANUAL
1033,119,59,3.85,0,TRUE,MANUAL
1034,119,60,4.45,0,TRUE,MANUAL
1035,119,62,5.65,0,TRUE,MANUAL
1036,119,67,5.5,0,TRUE,MANUAL
1037,119,68,5.65,0,TRUE,MANUAL
1038,119,70,5.5,0,TRUE,MANUAL
1039,119,73,5.8,0,TRUE,MANUAL
1040,119,111,4.65,0,TRUE,MANUAL
1041,119,116,0.88,0,TRUE,MANUAL
1042,119,138,2.58,0,TRUE,MANUAL
1043,119,145,1.45,0,TRUE,MANUAL
1044,119,159,1.39,0,TRUE,MANUAL
1045,119,165,3.9,0,TRUE,MANUAL
1046,119,213,3.95,0,TRUE,MANUAL
1047,119,247,5.25,0,TRUE,MANUAL
1048,119,254,11.25,0,TRUE,MANUAL
1049,119,266,23.0,0,TRUE,MANUAL
1050,119,267,23.0,0,TRUE,MANUAL
1051,119,280,3.48,0,TRUE,MANUAL
1052,119,287,4.65,0,TRUE,MANUAL
1053,119,290,3.25,0,TRUE,MANUAL
1054,119,307,9.2,0,TRUE,MANUAL
1055,119,325,7.8,0,TRUE,MANUAL
1056,119,343,5.65,0,TRUE,MANUAL
1057,119,348,4.0,0,TRUE,MANUAL
1058,119,349,4.9,0,TRUE,MANUAL
1059,119,356,9.95,0,TRUE,MANUAL
1060,119,361,7.2,0,TRUE,MANUAL
1061,119,362,6.9,0,TRUE,MANUAL
1062,119,371,1.65,0,TRUE,MANUAL
1063,119,373,8.65,0,TRUE,MANUAL
1064,119,385,9.95,0,TRUE,MANUAL
1065,119,387,7.6,0,TRUE,MANUAL
1066,119,389,5.65,0,TRUE,MANUAL
1067,119,390,7.0,0,TRUE,MANUAL
1068,119,393,5.8,0,TRUE,MANUAL
1069,119,402,4.4,0,TRUE,MANUAL
1070,119,403,5.9,0,TRUE,MANUAL
1071,119,404,6.2,0,TRUE,MANUAL
1072,119,454,6.65,0,TRUE,MANUAL
1073,119,455,6.9,0,TRUE,MANUAL
1074,119,467,2.4,0,TRUE,MANUAL
1075,119,473,3.65,0,TRUE,MANUAL
1076,119,486,2.85,0,TRUE,MANUAL
1077,119,488,2.3,0,TRUE,MANUAL
1078,119,493,15.66,0,TRUE,MANUAL
1079,119,497,4.35,0,TRUE,MANUAL
1080,119,522,2.99,0,TRUE,MANUAL
1081,119,528,3.65,0,TRUE,MANUAL
1082,119,529,4.28,0,TRUE,MANUAL
1083,119,532,3.55,0,TRUE,MANUAL
1084,119,533,3.65,0,TRUE,MANUAL
1085,119,539,3.25,0,TRUE,MANUAL
1086,119,540,3.99,0,TRUE,MANUAL
1087,119,541,4.9,0,TRUE,MANUAL
1088,119,544,2.75,0,TRUE,MANUAL
1089,119,546,3.1,0,TRUE,MANUAL
1090,119,553,5.2,0,TRUE,MANUAL
1091,119,571,19.0,0,TRUE,MANUAL
1092,119,575,18.9,0,TRUE,MANUAL
1093,119,579,18.5,0,TRUE,MANUAL
1094,119,592,8.75,0,TRUE,MANUAL
1095,119,594,8.95,0,TRUE,MANUAL
1096,119,623,6.1,0,TRUE,MANUAL
1097,119,625,6.1,0,TRUE,MANUAL
1098,119,634,16.9,0,TRUE,MANUAL
1099,119,637,16.9,0,TRUE,MANUAL
1100,119,647,17.65,0,TRUE,MANUAL
1101,119,657,7.9,0,TRUE,MANUAL
1102,119,658,7.9,0,TRUE,MANUAL
1103,119,664,3.95,0,TRUE,MANUAL
1104,119,673,6.45,0,TRUE,MANUAL
1105,119,677,4.85,0,TRUE,MANUAL
1106,119,682,3.89,0,TRUE,MANUAL
1107,119,692,1.8,0,TRUE,MANUAL
1108,119,701,15.0,0,TRUE,MANUAL
1109,119,712,8.1,0,TRUE,MANUAL
1110,121,111,4.99,0,TRUE,MANUAL
1111,121,126,1.25,0,TRUE,MANUAL
1112,121,355,9.99,0,TRUE,MANUAL
1113,121,556,2.65,0,TRUE,MANUAL
1114,121,581,8.95,0,TRUE,MANUAL
1115,121,587,9.95,0,TRUE,MANUAL
1116,121,594,9.95,0,TRUE,MANUAL
1117,121,620,16.8,0,TRUE,MANUAL
1118,121,664,3.4,0,TRUE,MANUAL
1119,122,634,19.5,0,TRUE,MANUAL
1120,123,23,3.78,0,TRUE,MANUAL
1121,123,50,5.9,0,TRUE,MANUAL
1122,123,64,2.85,0,TRUE,MANUAL
1123,123,111,4.99,0,TRUE,MANUAL
1124,123,126,1.2,0,TRUE,MANUAL
1125,123,127,1.1,0,TRUE,MANUAL
1126,123,312,5.8,0,TRUE,MANUAL
1127,123,390,7.85,0,TRUE,MANUAL
1128,123,391,7.9,0,TRUE,MANUAL
1129,123,512,3.68,0,TRUE,MANUAL
1130,123,532,3.95,0,TRUE,MANUAL
1131,123,534,3.95,0,TRUE,MANUAL
1132,123,664,5.1,0,TRUE,MANUAL
1133,124,23,3.6,0,TRUE,MANUAL
1134,124,64,3.25,0,TRUE,MANUAL
1135,124,111,5.7,0,TRUE,MANUAL
1136,124,168,2.0,0,TRUE,MANUAL
1137,124,199,14.25,0,TRUE,MANUAL
1138,124,254,11.5,0,TRUE,MANUAL
1139,124,421,5.5,0,TRUE,MANUAL
1140,124,553,6.2,0,TRUE,MANUAL
1141,124,650,6.95,0,TRUE,MANUAL
1142,124,664,5.6,0,TRUE,MANUAL
1143,124,714,13.0,0,TRUE,MANUAL
1144,125,23,3.95,0,TRUE,MANUAL
1145,125,64,3.25,0,TRUE,MANUAL
1146,125,111,5.3,0,TRUE,MANUAL
1147,125,199,15.9,0,TRUE,MANUAL
1148,125,254,11.5,0,TRUE,MANUAL
1149,125,363,8.8,0,TRUE,MANUAL
1150,125,421,5.5,0,TRUE,MANUAL
1151,125,553,6.2,0,TRUE,MANUAL
1152,125,620,17.6,0,TRUE,MANUAL
1153,125,650,6.95,0,TRUE,MANUAL
1154,125,664,5.6,0,TRUE,MANUAL
1155,125,691,11.0,0,TRUE,MANUAL
1156,125,707,10.85,0,TRUE,MANUAL
1157,126,23,3.85,0,TRUE,MANUAL
1158,126,50,5.95,0,TRUE,MANUAL
1159,126,56,8.4,0,TRUE,MANUAL
1160,126,68,7.85,0,TRUE,MANUAL
1161,126,70,6.9,0,TRUE,MANUAL
1162,126,111,4.9,0,TRUE,MANUAL
1163,126,126,1.7,0,TRUE,MANUAL
1164,126,127,1.15,0,TRUE,MANUAL
1165,126,147,1.0,0,TRUE,MANUAL
1166,126,159,1.7,0,TRUE,MANUAL
1167,126,239,7.1,0,TRUE,MANUAL
1168,126,274,34.6,0,TRUE,MANUAL
1169,126,280,3.95,0,TRUE,MANUAL
1170,126,284,2.95,0,TRUE,MANUAL
1171,126,351,31.0,0,TRUE,MANUAL
1172,126,650,8.35,0,TRUE,MANUAL
1173,126,652,8.05,0,TRUE,MANUAL
1174,127,23,3.95,0,TRUE,MANUAL
1175,127,312,5.6,0,TRUE,MANUAL
1176,128,23,3.65,0,TRUE,MANUAL
1177,128,58,6.5,0,TRUE,MANUAL
1178,128,80,14.4,0,TRUE,MANUAL
1179,128,111,4.2,0,TRUE,MANUAL
1180,128,113,5.2,0,TRUE,MANUAL
1181,128,145,1.65,0,TRUE,MANUAL
1182,128,168,2.29,0,TRUE,MANUAL
1183,128,199,14.9,0,TRUE,MANUAL
1184,128,241,6.7,0,TRUE,MANUAL
1185,128,312,5.0,0,TRUE,MANUAL
1186,128,314,5.0,0,TRUE,MANUAL
1187,128,417,4.2,0,TRUE,MANUAL
1188,128,418,4.1,0,TRUE,MANUAL
1189,128,493,29.0,0,TRUE,MANUAL
1190,128,496,14.9,0,TRUE,MANUAL
1191,128,502,4.2,0,TRUE,MANUAL
1192,128,512,3.65,0,TRUE,MANUAL
1193,129,23,3.78,0,TRUE,MANUAL
1194,129,80,15.4,0,TRUE,MANUAL
1195,129,495,12.5,0,TRUE,MANUAL
1196,130,41,9.8,0,TRUE,MANUAL
1197,130,92,1.1,0,TRUE,MANUAL
1198,130,274,28.5,0,TRUE,MANUAL
1199,130,353,9.65,0,TRUE,MANUAL
1200,130,364,9.8,0,TRUE,MANUAL
1201,130,587,9.95,0,TRUE,MANUAL
1202,130,620,16.4,0,TRUE,MANUAL
1203,130,652,6.9,0,TRUE,MANUAL
1204,131,111,4.99,0,TRUE,MANUAL
1205,131,159,1.65,0,TRUE,MANUAL
1206,131,241,6.9,0,TRUE,MANUAL
1207,131,312,5.5,0,TRUE,MANUAL
1208,131,370,8.95,0,TRUE,MANUAL
1209,131,391,8.95,0,TRUE,MANUAL
1210,131,547,3.95,0,TRUE,MANUAL
1211,133,111,4.99,0,TRUE,MANUAL
1212,133,113,5.1,0,TRUE,MANUAL
1213,133,166,3.9,0,TRUE,MANUAL
1214,133,241,6.4,0,TRUE,MANUAL
1215,133,363,8.8,0,TRUE,MANUAL
1216,133,397,11.95,0,TRUE,MANUAL
1217,133,423,4.55,0,TRUE,MANUAL
1218,133,541,5.4,0,TRUE,MANUAL
1219,133,647,16.2,0,TRUE,MANUAL
1220,135,571,24.5,0,TRUE,MANUAL
1221,138,25,3.98,0,TRUE,MANUAL
1222,138,26,3.75,0,TRUE,MANUAL
1223,138,78,27.0,0,TRUE,MANUAL
1224,139,23,3.45,0,TRUE,MANUAL
1225,139,25,3.95,0,TRUE,MANUAL
1226,139,81,16.0,0,TRUE,MANUAL
1227,139,113,4.9,0,TRUE,MANUAL
1228,142,138,2.48,0,TRUE,MANUAL
1229,142,532,3.95,0,TRUE,MANUAL
1230,142,664,6.25,0,TRUE,MANUAL
1231,143,23,3.98,0,TRUE,MANUAL
1232,143,111,4.99,0,TRUE,MANUAL
1233,143,126,1.25,0,TRUE,MANUAL
1234,143,496,10.9,0,TRUE,MANUAL
1235,143,532,3.95,0,TRUE,MANUAL
1236,143,553,5.95,0,TRUE,MANUAL
1237,143,664,6.45,0,TRUE,MANUAL
1238,144,23,3.78,0,TRUE,MANUAL
1239,144,26,5.2,0,TRUE,MANUAL
1240,144,27,5.5,0,TRUE,MANUAL
1241,144,38,4.9,0,TRUE,MANUAL
1242,144,39,8.9,0,TRUE,MANUAL
1243,144,40,8.9,0,TRUE,MANUAL
1244,144,50,4.9,0,TRUE,MANUAL
1245,144,64,3.1,0,TRUE,MANUAL
1246,144,73,6.5,0,TRUE,MANUAL
1247,144,102,1.68,0,TRUE,MANUAL
1248,144,103,9.99,0,TRUE,MANUAL
1249,144,111,4.65,0,TRUE,MANUAL
1250,144,113,4.95,0,TRUE,MANUAL
1251,144,116,0.95,0,TRUE,MANUAL
1252,144,126,1.2,0,TRUE,MANUAL
1253,144,138,2.48,0,TRUE,MANUAL
1254,144,148,1.65,0,TRUE,MANUAL
1255,144,159,1.5,0,TRUE,MANUAL
1256,144,249,5.4,0,TRUE,MANUAL
1257,144,254,11.45,0,TRUE,MANUAL
1258,144,267,23.0,0,TRUE,MANUAL
1259,144,274,32.5,0,TRUE,MANUAL
1260,144,277,34.5,0,TRUE,MANUAL
1261,144,346,7.4,0,TRUE,MANUAL
1262,144,347,0.4,0,TRUE,MANUAL
1263,144,361,6.5,0,TRUE,MANUAL
1264,144,385,10.25,0,TRUE,MANUAL
1265,144,386,10.85,0,TRUE,MANUAL
1266,144,389,6.9,0,TRUE,MANUAL
1267,144,390,7.8,0,TRUE,MANUAL
1268,144,408,6.5,0,TRUE,MANUAL
1269,144,417,4.1,0,TRUE,MANUAL
1270,144,450,6.85,0,TRUE,MANUAL
1271,144,467,3.25,0,TRUE,MANUAL
1272,144,475,1.45,0,TRUE,MANUAL
1273,144,477,6.5,0,TRUE,MANUAL
1274,144,478,0.6,0,TRUE,MANUAL
1275,144,485,0.8,0,TRUE,MANUAL
1276,144,487,2.45,0,TRUE,MANUAL
1277,144,488,2.75,0,TRUE,MANUAL
1278,144,497,4.65,0,TRUE,MANUAL
1279,144,502,4.9,0,TRUE,MANUAL
1280,144,515,1.7,0,TRUE,MANUAL
1281,144,529,4.48,0,TRUE,MANUAL
1282,144,553,5.85,0,TRUE,MANUAL
1283,144,575,21.5,0,TRUE,MANUAL
1284,144,642,3.6,0,TRUE,MANUAL
1285,144,664,4.0,0,TRUE,MANUAL
1286,144,687,1.25,0,TRUE,MANUAL
1287,144,717,32.99,0,TRUE,MANUAL
1288,145,23,3.85,0,TRUE,MANUAL
1289,145,111,4.99,0,TRUE,MANUAL
1290,145,126,1.4,0,TRUE,MANUAL
1291,145,138,2.58,0,TRUE,MANUAL
1292,145,382,17.99,0,TRUE,MANUAL
1293,145,642,4.0,0,TRUE,MANUAL
1294,145,664,6.45,0,TRUE,MANUAL
1295,145,670,6.9,0,TRUE,MANUAL
1296,148,25,3.98,0,TRUE,MANUAL
1297,148,165,3.95,0,TRUE,MANUAL
1298,148,197,3.5,0,TRUE,MANUAL
1299,149,23,3.95,0,TRUE,MANUAL
1300,149,25,3.95,0,TRUE,MANUAL
1301,149,159,1.45,0,TRUE,MANUAL
1302,150,23,3.78,0,TRUE,MANUAL
1303,150,25,3.98,0,TRUE,MANUAL
1304,150,119,5.5,0,TRUE,MANUAL
1305,150,312,4.9,0,TRUE,MANUAL
1306,150,495,12.9,0,TRUE,MANUAL
1307,150,532,3.65,0,TRUE,MANUAL
1308,150,623,5.5,0,TRUE,MANUAL
1309,150,657,6.9,0,TRUE,MANUAL
1310,150,664,3.65,0,TRUE,MANUAL
1311,153,25,3.95,0,TRUE,MANUAL
1312,153,529,4.68,0,TRUE,MANUAL
1313,153,616,19.5,0,TRUE,MANUAL
1314,155,73,5.9,0,TRUE,MANUAL
1315,155,111,3.95,0,TRUE,MANUAL
1316,155,138,2.28,0,TRUE,MANUAL
1317,155,241,5.9,0,TRUE,MANUAL
1318,155,280,3.65,0,TRUE,MANUAL
1319,155,296,0.8,0,TRUE,MANUAL
1320,155,376,6.9,0,TRUE,MANUAL
1321,155,391,7.85,0,TRUE,MANUAL
1322,155,418,4.6,0,TRUE,MANUAL
1323,155,507,3.6,0,TRUE,MANUAL
1324,155,532,3.85,0,TRUE,MANUAL
1325,155,625,5.95,0,TRUE,MANUAL
1326,155,652,6.95,0,TRUE,MANUAL
1327,155,664,6.25,0,TRUE,MANUAL
1328,155,677,5.5,0,TRUE,MANUAL
1329,156,23,3.1,0,TRUE,MANUAL
1330,156,70,6.2,0,TRUE,MANUAL
1331,156,71,0.97,0,TRUE,MANUAL
1332,156,127,1.1,0,TRUE,MANUAL
1333,156,197,3.21,0,TRUE,MANUAL
1334,156,239,5.21,0,TRUE,MANUAL
1335,156,241,5.21,0,TRUE,MANUAL
1336,156,312,5.33,0,TRUE,MANUAL
1337,156,371,2.42,0,TRUE,MANUAL
1338,156,417,3.75,0,TRUE,MANUAL
1339,156,512,3.82,0,TRUE,MANUAL
1340,156,529,4.04,0,TRUE,MANUAL
1341,156,537,0.8,0,TRUE,MANUAL
1342,156,650,6.8,0,TRUE,MANUAL
1343,156,664,5.25,0,TRUE,MANUAL
1344,156,671,5.9,0,TRUE,MANUAL
1345,156,672,1.04,0,TRUE,MANUAL
1346,157,23,3.45,0,TRUE,MANUAL
1347,157,80,15.4,0,TRUE,MANUAL
1348,161,111,4.99,0,TRUE,MANUAL
1349,161,126,1.2,0,TRUE,MANUAL
1350,161,314,6.4,0,TRUE,MANUAL
1351,161,370,9.5,0,TRUE,MANUAL
1352,161,616,17.9,0,TRUE,MANUAL
1353,161,664,3.4,0,TRUE,MANUAL
1354,163,314,5.33,0,TRUE,MANUAL
1355,164,2,1.8,0,TRUE,MANUAL
1356,164,23,3.78,0,TRUE,MANUAL
1357,164,92,1.0,0,TRUE,MANUAL
1358,164,135,1.7,0,TRUE,MANUAL
1359,164,142,3.1,0,TRUE,MANUAL
1360,164,159,1.65,0,TRUE,MANUAL
1361,164,197,6.6,0,TRUE,MANUAL
1362,164,297,4.9,0,TRUE,MANUAL
1363,164,314,5.9,0,TRUE,MANUAL
1364,164,348,4.4,0,TRUE,MANUAL
1365,164,370,9.5,0,TRUE,MANUAL
1366,164,398,13.65,0,TRUE,MANUAL
1367,164,450,7.45,0,TRUE,MANUAL
1368,164,529,5.8,0,TRUE,MANUAL
1369,165,23,6.6,0,TRUE,MANUAL
1370,165,43,10.95,0,TRUE,MANUAL
1371,165,54,8.95,0,TRUE,MANUAL
1372,165,98,5.9,0,TRUE,MANUAL
1373,165,99,6.5,0,TRUE,MANUAL
1374,165,125,3.6,0,TRUE,MANUAL
1375,165,138,2.68,0,TRUE,MANUAL
1376,165,159,1.55,0,TRUE,MANUAL
1377,165,187,19.8,0,TRUE,MANUAL
1378,165,196,5.6,0,TRUE,MANUAL
1379,165,206,4.35,0,TRUE,MANUAL
1380,165,221,3.95,0,TRUE,MANUAL
1381,165,235,4.4,0,TRUE,MANUAL
1382,165,249,5.7,0,TRUE,MANUAL
1383,165,266,28.5,0,TRUE,MANUAL
1384,165,267,30.0,0,TRUE,MANUAL
1385,165,269,108.0,0,TRUE,MANUAL
1386,165,277,38.5,0,TRUE,MANUAL
1387,165,308,10.6,0,TRUE,MANUAL
1388,165,351,38.5,0,TRUE,MANUAL
1389,165,361,8.9,0,TRUE,MANUAL
1390,165,362,8.4,0,TRUE,MANUAL
1391,165,363,10.4,0,TRUE,MANUAL
1392,165,364,10.9,0,TRUE,MANUAL
1393,165,367,10.6,0,TRUE,MANUAL
1394,165,374,18.65,0,TRUE,MANUAL
1395,165,375,18.25,0,TRUE,MANUAL
1396,165,376,9.9,0,TRUE,MANUAL
1397,165,382,16.99,0,TRUE,MANUAL
1398,165,385,11.65,0,TRUE,MANUAL
1399,165,389,8.9,0,TRUE,MANUAL
1400,165,390,10.5,0,TRUE,MANUAL
1401,165,467,3.75,0,TRUE,MANUAL
1402,165,471,1.6,0,TRUE,MANUAL
1403,165,476,1.95,0,TRUE,MANUAL
1404,165,482,4.65,0,TRUE,MANUAL
1405,165,493,5.6,0,TRUE,MANUAL
1406,165,494,25.0,0,TRUE,MANUAL
1407,165,502,5.1,0,TRUE,MANUAL
1408,165,505,5.6,0,TRUE,MANUAL
1409,165,522,4.25,0,TRUE,MANUAL
1410,165,529,4.9,0,TRUE,MANUAL
1411,165,530,4.3,0,TRUE,MANUAL
1412,165,540,4.4,0,TRUE,MANUAL
1413,165,541,5.1,0,TRUE,MANUAL
1414,165,575,25.5,0,TRUE,MANUAL
1415,165,590,14.95,0,TRUE,MANUAL
1416,165,594,11.6,0,TRUE,MANUAL
1417,165,615,15.9,0,TRUE,MANUAL
1418,165,652,7.95,0,TRUE,MANUAL
1419,168,23,3.85,0,TRUE,MANUAL
1420,168,25,3.98,0,TRUE,MANUAL
1421,168,80,16.0,0,TRUE,MANUAL
1422,168,93,1.6,0,TRUE,MANUAL
1423,168,111,4.65,0,TRUE,MANUAL
1424,168,298,4.8,0,TRUE,MANUAL
1425,168,565,3.75,0,TRUE,MANUAL
1426,169,23,3.78,0,TRUE,MANUAL
1427,169,25,3.98,0,TRUE,MANUAL
1428,169,64,2.99,0,TRUE,MANUAL
1429,169,68,6.45,0,TRUE,MANUAL
1430,169,73,6.2,0,TRUE,MANUAL
1431,169,98,5.5,0,TRUE,MANUAL
1432,169,111,4.65,0,TRUE,MANUAL
1433,169,113,4.75,0,TRUE,MANUAL
1434,169,126,1.25,0,TRUE,MANUAL
1435,169,138,2.2,0,TRUE,MANUAL
1436,169,148,1.45,0,TRUE,MANUAL
1437,169,159,1.38,0,TRUE,MANUAL
1438,169,168,2.25,0,TRUE,MANUAL
1439,169,241,6.2,0,TRUE,MANUAL
1440,169,249,5.25,0,TRUE,MANUAL
1441,169,254,11.2,0,TRUE,MANUAL
1442,169,284,2.0,0,TRUE,MANUAL
1443,169,297,4.4,0,TRUE,MANUAL
1444,169,346,7.4,0,TRUE,MANUAL
1445,169,355,9.9,0,TRUE,MANUAL
1446,169,364,9.2,0,TRUE,MANUAL
1447,169,376,8.2,0,TRUE,MANUAL
1448,169,386,9.95,0,TRUE,MANUAL
1449,169,389,5.8,0,TRUE,MANUAL
1450,169,418,4.1,0,TRUE,MANUAL
1451,169,497,4.5,0,TRUE,MANUAL
1452,169,507,4.45,0,TRUE,MANUAL
1453,169,512,3.85,0,TRUE,MANUAL
1454,169,522,3.65,0,TRUE,MANUAL
1455,169,534,3.95,0,TRUE,MANUAL
1456,169,539,3.4,0,TRUE,MANUAL
1457,169,541,4.9,0,TRUE,MANUAL
1458,169,553,5.65,0,TRUE,MANUAL
1459,169,568,21.5,0,TRUE,MANUAL
1460,169,571,19.5,0,TRUE,MANUAL
1461,169,591,13.65,0,TRUE,MANUAL
1462,169,664,4.95,0,TRUE,MANUAL
1463,169,670,6.9,0,TRUE,MANUAL
1464,170,98,5.5,0,TRUE,MANUAL
1465,170,418,4.6,0,TRUE,MANUAL
1466,170,591,13.95,0,TRUE,MANUAL
1467,170,616,21.5,0,TRUE,MANUAL
1468,171,111,4.99,0,TRUE,MANUAL
1469,172,165,3.95,0,TRUE,MANUAL
1470,176,23,3.78,0,TRUE,MANUAL
1471,178,254,11.5,0,TRUE,MANUAL
1472,178,717,28.5,0,TRUE,MANUAL
1473,180,20,0.7,0,TRUE,MANUAL
1474,181,23,3.85,0,TRUE,MANUAL
1475,181,25,3.98,0,TRUE,MANUAL
1476,181,81,16.0,0,TRUE,MANUAL
1477,181,111,4.65,0,TRUE,MANUAL
1478,181,113,4.95,0,TRUE,MANUAL
1479,181,119,5.9,0,TRUE,MANUAL
1480,181,125,2.6,0,TRUE,MANUAL
1481,181,147,0.7,0,TRUE,MANUAL
1482,181,164,4.4,0,TRUE,MANUAL
1483,181,215,4.45,0,TRUE,MANUAL
1484,181,294,5.1,0,TRUE,MANUAL
1485,181,376,8.8,0,TRUE,MANUAL
1486,181,391,8.65,0,TRUE,MANUAL
1487,181,412,26.5,0,TRUE,MANUAL
1488,181,502,4.9,0,TRUE,MANUAL
1489,181,512,3.75,0,TRUE,MANUAL
1490,182,27,5.4,0,TRUE,MANUAL
1491,182,39,8.9,0,TRUE,MANUAL
1492,182,50,4.6,0,TRUE,MANUAL
1493,182,54,4.4,0,TRUE,MANUAL
1494,182,56,6.9,0,TRUE,MANUAL
1495,182,57,6.2,0,TRUE,MANUAL
1496,182,111,4.99,0,TRUE,MANUAL
1497,182,138,2.45,0,TRUE,MANUAL
1498,182,266,23.0,0,TRUE,MANUAL
1499,182,267,21.0,0,TRUE,MANUAL
1500,182,286,3.7,0,TRUE,MANUAL
1501,182,287,3.9,0,TRUE,MANUAL
1502,182,312,5.4,0,TRUE,MANUAL
1503,182,314,5.4,0,TRUE,MANUAL
1504,182,361,5.45,0,TRUE,MANUAL
1505,182,373,8.0,0,TRUE,MANUAL
1506,182,403,5.9,0,TRUE,MANUAL
1507,182,455,5.6,0,TRUE,MANUAL
1508,182,528,3.25,0,TRUE,MANUAL
1509,182,529,3.95,0,TRUE,MANUAL
1510,182,571,19.5,0,TRUE,MANUAL
1511,182,573,18.0,0,TRUE,MANUAL
1512,182,592,9.1,0,TRUE,MANUAL
1513,182,594,9.0,0,TRUE,MANUAL
1514,182,615,12.5,0,TRUE,MANUAL
1515,182,637,15.6,0,TRUE,MANUAL
1516,182,658,6.9,0,TRUE,MANUAL
1517,183,23,3.95,0,TRUE,MANUAL
1518,183,93,1.5,0,TRUE,MANUAL
1519,183,126,1.25,0,TRUE,MANUAL
1520,183,314,5.4,0,TRUE,MANUAL
1521,183,456,11.95,0,TRUE,MANUAL
1522,184,68,6.7,0,TRUE,MANUAL
1523,184,111,4.45,0,TRUE,MANUAL
1524,184,126,1.3,0,TRUE,MANUAL
1525,184,280,3.95,0,TRUE,MANUAL
1526,184,312,5.6,0,TRUE,MANUAL
1527,184,376,8.8,0,TRUE,MANUAL
1528,187,57,7.8,0,TRUE,MANUAL
1529,187,690,4.65,0,TRUE,MANUAL
1530,188,23,4.15,0,TRUE,MANUAL
1531,188,25,4.15,0,TRUE,MANUAL
1532,188,111,4.99,0,TRUE,MANUAL
1533,191,23,3.78,0,TRUE,MANUAL
1534,191,25,3.98,0,TRUE,MANUAL
1535,191,111,4.65,0,TRUE,MANUAL
1536,191,370,9.5,0,TRUE,MANUAL
1537,191,382,14.99,0,TRUE,MANUAL
1538,191,502,4.9,0,TRUE,MANUAL
1539,191,530,5.3,0,TRUE,MANUAL
1540,191,553,6.2,0,TRUE,MANUAL
1541,191,571,19.5,0,TRUE,MANUAL
1542,191,573,16.0,0,TRUE,MANUAL
1543,191,575,18.5,0,TRUE,MANUAL
1544,191,647,16.5,0,TRUE,MANUAL
1545,193,23,3.78,0,TRUE,MANUAL
1546,193,50,4.9,0,TRUE,MANUAL
1547,193,92,1.15,0,TRUE,MANUAL
1548,193,93,1.3,0,TRUE,MANUAL
1549,193,111,4.65,0,TRUE,MANUAL
1550,193,126,1.1,0,TRUE,MANUAL
1551,193,159,1.25,0,TRUE,MANUAL
1552,193,197,3.65,0,TRUE,MANUAL
1553,193,241,6.5,0,TRUE,MANUAL
1554,193,254,12.45,0,TRUE,MANUAL
1555,193,266,14.5,0,TRUE,MANUAL
1556,193,280,3.85,0,TRUE,MANUAL
1557,193,297,4.9,0,TRUE,MANUAL
1558,193,312,4.4,0,TRUE,MANUAL
1559,193,342,6.7,0,TRUE,MANUAL
1560,193,348,3.95,0,TRUE,MANUAL
1561,193,364,9.9,0,TRUE,MANUAL
1562,193,382,11.99,0,TRUE,MANUAL
1563,193,385,9.99,0,TRUE,MANUAL
1564,193,386,11.99,0,TRUE,MANUAL
1565,193,390,8.8,0,TRUE,MANUAL
1566,193,400,6.9,0,TRUE,MANUAL
1567,193,418,4.6,0,TRUE,MANUAL
1568,193,481,2.28,0,TRUE,MANUAL
1569,193,497,4.5,0,TRUE,MANUAL
1570,193,502,4.9,0,TRUE,MANUAL
1571,193,522,2.99,0,TRUE,MANUAL
1572,193,529,4.1,0,TRUE,MANUAL
1573,193,532,3.65,0,TRUE,MANUAL
1574,193,553,5.65,0,TRUE,MANUAL
1575,193,568,21.5,0,TRUE,MANUAL
1576,193,571,21.5,0,TRUE,MANUAL
1577,193,664,4.25,0,TRUE,MANUAL
1578,193,701,14.5,0,TRUE,MANUAL
1579,194,25,3.98,0,TRUE,MANUAL
1580,194,111,4.65,0,TRUE,MANUAL
1581,194,113,4.9,0,TRUE,MANUAL
1582,194,159,1.55,0,TRUE,MANUAL
1583,194,249,4.95,0,TRUE,MANUAL
1584,194,254,11.5,0,TRUE,MANUAL
1585,194,297,5.1,0,TRUE,MANUAL
1586,194,367,8.8,0,TRUE,MANUAL
1587,194,371,2.38,0,TRUE,MANUAL
1588,194,417,4.1,0,TRUE,MANUAL
1589,194,429,4.15,0,TRUE,MANUAL
1590,194,522,3.68,0,TRUE,MANUAL
1591,194,534,4.4,0,TRUE,MANUAL
1592,194,543,4.95,0,TRUE,MANUAL
1593,194,553,6.2,0,TRUE,MANUAL
1594,194,571,22.5,0,TRUE,MANUAL
1595,194,650,6.95,0,TRUE,MANUAL
1596,194,652,7.65,0,TRUE,MANUAL
1597,194,664,3.5,0,TRUE,MANUAL
1598,194,676,6.9,0,TRUE,MANUAL
1599,194,712,8.65,0,TRUE,MANUAL
1600,195,23,3.78,0,TRUE,MANUAL
1601,195,25,3.98,0,TRUE,MANUAL
1602,195,80,15.0,0,TRUE,MANUAL
1603,195,81,15.0,0,TRUE,MANUAL
1604,195,87,16.0,0,TRUE,MANUAL
1605,195,113,4.95,0,TRUE,MANUAL
1606,195,126,1.1,0,TRUE,MANUAL
1607,195,284,1.95,0,TRUE,MANUAL
1608,195,297,4.6,0,TRUE,MANUAL
1609,195,312,5.2,0,TRUE,MANUAL
1610,195,348,4.4,0,TRUE,MANUAL
1611,195,364,8.8,0,TRUE,MANUAL
1612,195,430,4.15,0,TRUE,MANUAL
1613,195,529,4.68,0,TRUE,MANUAL
1614,195,553,6.25,0,TRUE,MANUAL
1615,195,664,4.95,0,TRUE,MANUAL
1616,197,23,3.95,0,TRUE,MANUAL
1617,197,25,3.98,0,TRUE,MANUAL
1618,197,111,4.99,0,TRUE,MANUAL
1619,197,126,1.15,0,TRUE,MANUAL
1620,197,138,2.38,0,TRUE,MANUAL
1621,197,297,4.6,0,TRUE,MANUAL
1622,197,496,12.9,0,TRUE,MANUAL
1623,197,534,3.95,0,TRUE,MANUAL
1624,197,587,10.95,0,TRUE,MANUAL
1625,197,652,7.45,0,TRUE,MANUAL
1626,198,23,3.78,0,TRUE,MANUAL
1627,198,70,5.85,0,TRUE,MANUAL
1628,198,75,5.9,0,TRUE,MANUAL
1629,198,111,4.45,0,TRUE,MANUAL
1630,198,460,5.9,0,TRUE,MANUAL
1631,198,522,2.99,0,TRUE,MANUAL
1632,198,544,2.86,0,TRUE,MANUAL
1633,198,623,5.5,0,TRUE,MANUAL
1634,198,625,5.5,0,TRUE,MANUAL
1635,198,676,7.6,0,TRUE,MANUAL
1636,199,111,4.99,0,TRUE,MANUAL
1637,199,423,4.95,0,TRUE,MANUAL
1638,201,23,3.95,0,TRUE,MANUAL
1639,201,111,4.99,0,TRUE,MANUAL
1640,201,274,29.95,0,TRUE,MANUAL
1641,201,312,5.4,0,TRUE,MANUAL
1642,201,364,9.9,0,TRUE,MANUAL
1643,201,553,5.9,0,TRUE,MANUAL
1644,203,23,3.75,0,TRUE,MANUAL
1645,203,25,3.98,0,TRUE,MANUAL
1646,203,64,2.85,0,TRUE,MANUAL
1647,203,68,6.45,0,TRUE,MANUAL
1648,203,73,6.2,0,TRUE,MANUAL
1649,203,98,5.5,0,TRUE,MANUAL
1650,203,111,4.99,0,TRUE,MANUAL
1651,203,138,2.2,0,TRUE,MANUAL
1652,203,148,1.45,0,TRUE,MANUAL
1653,203,159,1.38,0,TRUE,MANUAL
1654,203,168,2.25,0,TRUE,MANUAL
1655,203,241,6.2,0,TRUE,MANUAL
1656,203,249,5.25,0,TRUE,MANUAL
1657,203,254,10.95,0,TRUE,MANUAL
1658,203,284,2.0,0,TRUE,MANUAL
1659,203,297,4.4,0,TRUE,MANUAL
1660,203,355,9.9,0,TRUE,MANUAL
1661,203,376,8.2,0,TRUE,MANUAL
1662,203,386,9.95,0,TRUE,MANUAL
1663,203,389,5.8,0,TRUE,MANUAL
1664,203,397,9.9,0,TRUE,MANUAL
1665,203,418,4.1,0,TRUE,MANUAL
1666,203,497,3.5,0,TRUE,MANUAL
1667,203,507,4.45,0,TRUE,MANUAL
1668,203,512,3.85,0,TRUE,MANUAL
1669,203,522,3.65,0,TRUE,MANUAL
1670,203,534,3.95,0,TRUE,MANUAL
1671,203,539,3.4,0,TRUE,MANUAL
1672,203,541,4.9,0,TRUE,MANUAL
1673,203,553,5.65,0,TRUE,MANUAL
1674,203,571,19.5,0,TRUE,MANUAL
1675,203,587,10.45,0,TRUE,MANUAL
1676,203,591,13.65,0,TRUE,MANUAL
1677,203,620,16.5,0,TRUE,MANUAL
1678,203,637,16.0,0,TRUE,MANUAL
1679,203,652,7.25,0,TRUE,MANUAL
1680,203,664,6.35,0,TRUE,MANUAL
1681,203,670,6.9,0,TRUE,MANUAL
1682,204,25,3.98,0,TRUE,MANUAL
1683,204,111,4.4,0,TRUE,MANUAL
1684,204,235,3.4,0,TRUE,MANUAL
1685,204,266,19.9,0,TRUE,MANUAL
1686,204,418,5.9,0,TRUE,MANUAL
1687,204,529,5.9,0,TRUE,MANUAL
1688,204,634,13.9,0,TRUE,MANUAL
1689,204,652,7.85,0,TRUE,MANUAL
1690,206,23,3.95,0,TRUE,MANUAL
1691,206,495,13.9,0,TRUE,MANUAL
1692,353,23,3.1,0,TRUE,MANUAL
1693,353,111,3.9,0,TRUE,MANUAL
1694,353,522,3.3,0,TRUE,MANUAL
